{
  "Aruba": [
    12.5,
    -69.96666666
  ],
  "Afghanistan": [
    34.52813,
    69.17233
  ],
  "Angola": [
    -8.83682,
    13.23432
  ],
  "Anguilla": [
    18.25,
    -63.16666666
  ],
  "Åland Islands": [
    60.116667,
    19.9
  ],
  "Albania": [
    41.3275,
    19.81889
  ],
  "Andorra": [
    42.50779,
    1.52109
  ],
  "United Arab Emirates": [
    24,
    54
  ],
  "Argentina": [
    -34.61315,
    -58.37723
  ],
  "Armenia": [
    40.18111,
    44.51361
  ],
  "American Samoa": [
    -14.33333333,
    -170
  ],
  "Antarctica": [
    -90,
    0
  ],
  "French Southern and Antarctic Lands": [
    -49.25,
    69.167
  ],
  "Antigua and Barbuda": [
    17.05,
    -61.8
  ],
  "Australia": [
    -35.28346,
    149.12807
  ],
  "Austria": [
    48.20849,
    16.37208
  ],
  "Azerbaijan": [
    40.37767,
    49.89201
  ],
  "Burundi": [
    -3.42708,
    29.92463
  ],
  "Belgium": [
    50.85045,
    4.34878
  ],
  "Benin": [
    6.49646,
    2.60359
  ],
  "Burkina Faso": [
    12.36566,
    -1.53388
  ],
  "Bangladesh": [
    23.81093,
    90.36542
  ],
  "Bulgaria": [
    42.69751,
    23.32415
  ],
  "Bahrain": [
    26.22787,
    50.58565
  ],
  "Bahamas": [
    25.06666667,
    -77.33333333
  ],
  "Bosnia and Herzegovina": [
    43.84864,
    18.35644
  ],
  "Saint Barthélemy": [
    18.5,
    -63.41666666
  ],
  "Saint Helena, Ascension and Tristan da Cunha": [
    -15.95,
    -5.72
  ],
  "Belarus": [
    53.9,
    27.56667
  ],
  "Belize": [
    17.25,
    -88.76667
  ],
  "Bermuda": [
    32.33333333,
    -64.75
  ],
  "Bolivia": [
    -19.03332,
    -65.26274
  ],
  "Caribbean Netherlands": [
    12.18,
    -68.25
  ],
  "Brazil": [
    -15.77972,
    -47.92972
  ],
  "Barbados": [
    13.10732,
    -59.62021
  ],
  "Brunei": [
    4.89035,
    114.94006
  ],
  "Bhutan": [
    27.46609,
    89.64191
  ],
  "Bouvet Island": [
    -54.43333333,
    3.4
  ],
  "Botswana": [
    -24.76234,
    25.7995
  ],
  "Central African Republic": [
    4.36122,
    18.55496
  ],
  "Canada": [
    45.41117,
    -75.69812
  ],
  "Cocos (Keeling) Islands": [
    -12.5,
    96.83333333
  ],
  "Switzerland": [
    46.94809,
    7.44744
  ],
  "Chile": [
    -33.45694,
    -70.64827
  ],
  "China": [
    39.9075,
    116.39723
  ],
  "Ivory Coast": [
    6.82055,
    -5.27674
  ],
  "Cameroon": [
    3.86667,
    11.51667
  ],
  "DR Congo": [
    -4.32758,
    15.31357
  ],
  "Republic of the Congo": [
    -4.26613,
    15.28318
  ],
  "Cook Islands": [
    -21.23333333,
    -159.76666666
  ],
  "Colombia": [
    4,
    -72
  ],
  "Comoros": [
    -11.70216,
    43.25506
  ],
  "Cape Verde": [
    14.93152,
    -23.51254
  ],
  "Costa Rica": [
    10.95173,
    -85.1361
  ],
  "Cuba": [
    23.13302,
    -82.38304
  ],
  "Curaçao": [
    12.116667,
    -68.933333
  ],
  "Christmas Island": [
    -10.5,
    105.66666666
  ],
  "Cayman Islands": [
    19.5,
    -80.5
  ],
  "Cyprus": [
    35.17531,
    33.3642
  ],
  "Czechia": [
    50.08804,
    14.42076
  ],
  "Germany": [
    52.52437,
    13.41053
  ],
  "Djibouti": [
    11.58901,
    43.14503
  ],
  "Dominica": [
    15.30174,
    -61.38808
  ],
  "Denmark": [
    55.67594,
    12.56553
  ],
  "Dominican Republic": [
    18.47186,
    -69.89232
  ],
  "Algeria": [
    36.73225,
    3.08746
  ],
  "Ecuador": [
    -0.22985,
    -78.52495
  ],
  "Egypt": [
    30.06263,
    31.24967
  ],
  "Eritrea": [
    15.33805,
    38.93184
  ],
  "Western Sahara": [
    24.5,
    -13
  ],
  "Spain": [
    40.4165,
    -3.70256
  ],
  "Estonia": [
    59.43696,
    24.75353
  ],
  "Ethiopia": [
    9.02497,
    38.74689
  ],
  "Finland": [
    60.16952,
    24.93545
  ],
  "Fiji": [
    -18.14161,
    178.44149
  ],
  "Falkland Islands": [
    -51.75,
    -59
  ],
  "France": [
    48.8534,
    2.3486
  ],
  "Faroe Islands": [
    62,
    -7
  ],
  "Micronesia": [
    6.91666666,
    158.25
  ],
  "Gabon": [
    0.39241,
    9.45356
  ],
  "United Kingdom": [
    51.50853,
    -0.12574
  ],
  "Georgia": [
    41.69411,
    44.83368
  ],
  "Guernsey": [
    49.46666666,
    -2.58333333
  ],
  "Ghana": [
    5.55602,
    -0.1969
  ],
  "Gibraltar": [
    36.13333333,
    -5.35
  ],
  "Guinea": [
    9.53795,
    -13.67729
  ],
  "Guadeloupe": [
    16.25,
    -61.583333
  ],
  "Gambia": [
    13.45274,
    -16.57803
  ],
  "Guinea-Bissau": [
    12,
    -15
  ],
  "Equatorial Guinea": [
    3.75578,
    8.78166
  ],
  "Greece": [
    37.98376,
    23.72784
  ],
  "Grenada": [
    12.11666666,
    -61.66666666
  ],
  "Greenland": [
    72,
    -40
  ],
  "Guatemala": [
    14.64072,
    -90.51327
  ],
  "French Guiana": [
    4,
    -53
  ],
  "Guam": [
    13.46666666,
    144.78333333
  ],
  "Guyana": [
    6.80448,
    -58.15527
  ],
  "Hong Kong": [
    22.267,
    114.188
  ],
  "Heard Island and McDonald Islands": [
    -53.1,
    72.51666666
  ],
  "Honduras": [
    14.0818,
    -87.20681
  ],
  "Croatia": [
    45.81444,
    15.97798
  ],
  "Haiti": [
    18.54349,
    -72.33881
  ],
  "Hungary": [
    47.49835,
    19.04045
  ],
  "Indonesia": [
    -6.21462,
    106.84513
  ],
  "Isle of Man": [
    54.25,
    -4.5
  ],
  "India": [
    28.63576,
    77.22445
  ],
  "British Indian Ocean Territory": [
    -6,
    71.5
  ],
  "Ireland": [
    53.33306,
    -6.24889
  ],
  "Iran": [
    35.69439,
    51.42151
  ],
  "Iraq": [
    33.34058,
    44.40088
  ],
  "Iceland": [
    65,
    -18
  ],
  "Israel": [
    31.76904,
    35.21633
  ],
  "Italy": [
    41.89193,
    12.51133
  ],
  "Jamaica": [
    17.99702,
    -76.79358
  ],
  "Jersey": [
    49.25,
    -2.16666666
  ],
  "Jordan": [
    31.95522,
    35.94503
  ],
  "Japan": [
    35.6895,
    139.69171
  ],
  "Kazakhstan": [
    48,
    68
  ],
  "Kenya": [
    -1.28333,
    36.81667
  ],
  "Kyrgyzstan": [
    42.87,
    74.59
  ],
  "Cambodia": [
    11.56245,
    104.91601
  ],
  "Kiribati": [
    1.41666666,
    173
  ],
  "Saint Kitts and Nevis": [
    17.33333333,
    -62.75
  ],
  "South Korea": [
    37.566,
    126.9784
  ],
  "Kosovo": [
    42.666667,
    21.166667
  ],
  "Kuwait": [
    29.36972,
    47.97833
  ],
  "Laos": [
    17.96667,
    102.6
  ],
  "Lebanon": [
    33.89332,
    35.50157
  ],
  "Liberia": [
    6.30054,
    -10.7969
  ],
  "Libya": [
    32.88743,
    13.18733
  ],
  "Saint Lucia": [
    13.9957,
    -61.00614
  ],
  "Liechtenstein": [
    47.14151,
    9.52154
  ],
  "Sri Lanka": [
    6.93548,
    79.84868
  ],
  "Lesotho": [
    -29.31667,
    27.48333
  ],
  "Lithuania": [
    54.68916,
    25.2798
  ],
  "Luxembourg": [
    49.61167,
    6.13
  ],
  "Latvia": [
    56.946,
    24.10589
  ],
  "Macau": [
    22.16666666,
    113.55
  ],
  "Saint Martin": [
    18.08333333,
    -63.95
  ],
  "Morocco": [
    34.01325,
    -6.83255
  ],
  "Monaco": [
    43.73333333,
    7.4
  ],
  "Moldova": [
    47,
    29
  ],
  "Madagascar": [
    -20,
    47
  ],
  "Maldives": [
    3.25,
    73
  ],
  "Mexico": [
    23,
    -102
  ],
  "Marshall Islands": [
    9,
    168
  ],
  "North Macedonia": [
    41.99646,
    21.43141
  ],
  "Mali": [
    12.65,
    -8
  ],
  "Malta": [
    35.89972,
    14.51472
  ],
  "Myanmar": [
    22,
    98
  ],
  "Montenegro": [
    42.44111,
    19.26361
  ],
  "Mongolia": [
    46,
    105
  ],
  "Northern Mariana Islands": [
    15.2,
    145.75
  ],
  "Mozambique": [
    -25.96553,
    32.58322
  ],
  "Mauritania": [
    20,
    -12
  ],
  "Montserrat": [
    16.75,
    -62.2
  ],
  "Martinique": [
    14.666667,
    -61
  ],
  "Mauritius": [
    -20.16194,
    57.49889
  ],
  "Malawi": [
    -13.96692,
    33.78725
  ],
  "Malaysia": [
    3.1412,
    101.68653
  ],
  "Mayotte": [
    -12.83333333,
    45.16666666
  ],
  "Namibia": [
    -22.55941,
    17.08323
  ],
  "New Caledonia": [
    -21.5,
    165.5
  ],
  "Niger": [
    16,
    8
  ],
  "Norfolk Island": [
    -29.03333333,
    167.95
  ],
  "Nigeria": [
    9.05785,
    7.49508
  ],